GeoAreaName;GeoAreaCode;SeriesDescription;SeriesCode;TimePeriod;Value;Source;Location;Sex;TypeofProduct;GroundsOfDiscrimination;Units
Micronesia, Fed. Sts.;FSM;Coverage of social safety net programs (% of population);per_sa_allsa.cov_pop_tot;2000;6.254328926;World Bank;;;;;PERCENT
Eswatini;SWZ;Coverage of social safety net programs (% of population);per_sa_allsa.cov_pop_tot;2000;44.35984761;World Bank;;;;;PERCENT
Cote d'Ivoire;CIV;Coverage of social safety net programs (% of population);per_sa_allsa.cov_pop_tot;2002;5.775057278;World Bank;;;;;PERCENT
Djibouti;DJI;Coverage of social safety net programs (% of population);per_sa_allsa.cov_pop_tot;2002;2.819748691;World Bank;;;;;PERCENT
Jamaica;JAM;Coverage of social safety net programs (% of population);per_sa_allsa.cov_pop_tot;2002;26.34883265;World Bank;;;;;PERCENT
Burkina Faso;BFA;Coverage of social safety net programs (% of population);per_sa_allsa.cov_pop_tot;2003;34.26921221;World Bank;;;;;PERCENT
Namibia;NAM;Coverage of social safety net programs (% of population);per_sa_allsa.cov_pop_tot;2003;9.840997257;World Bank;;;;;PERCENT
Ethiopia;ETH;Coverage of social safety net programs (% of population);per_sa_allsa.cov_pop_tot;2004;0.51447359;World Bank;;;;;PERCENT
India;IND;Coverage of social safety net programs (% of population);per_sa_allsa.cov_pop_tot;2004;24.032302;World Bank;;;;;PERCENT
Lebanon;LBN;Coverage of social safety net programs (% of population);per_sa_allsa.cov_pop_tot;2004;4.833220177;World Bank;;;;;PERCENT
Malawi;MWI;Coverage of social safety net programs (% of population);per_sa_allsa.cov_pop_tot;2004;50.76538466;World Bank;;;;;PERCENT
Turkiye;TUR;Coverage of social safety net programs (% of population);per_sa_allsa.cov_pop_tot;2004;27.21968446;World Bank;;;;;PERCENT
Bangladesh;BGD;Coverage of social safety net programs (% of population);per_sa_allsa.cov_pop_tot;2005;12.39732413;World Bank;;;;;PERCENT
Gabon;GAB;Coverage of social safety net programs (% of population);per_sa_allsa.cov_pop_tot;2005;44.70376746;World Bank;;;;;PERCENT
Kenya;KEN;Coverage of social safety net programs (% of population);per_sa_allsa.cov_pop_tot;2005;20.02354524;World Bank;;;;;PERCENT
Nicaragua;NIC;Coverage of social safety net programs (% of population);per_sa_allsa.cov_pop_tot;2005;47.24763549;World Bank;;;;;PERCENT
Poland;POL;Coverage of social safety net programs (% of population);per_sa_allsa.cov_pop_tot;2005;50.58280056;World Bank;;;;;PERCENT
Rwanda;RWA;Coverage of social safety net programs (% of population);per_sa_allsa.cov_pop_tot;2005;1.872439693;World Bank;;;;;PERCENT
Solomon Islands;SLB;Coverage of social safety net programs (% of population);per_sa_allsa.cov_pop_tot;2005;1.664507776;World Bank;;;;;PERCENT
Turkiye;TUR;Coverage of social safety net programs (% of population);per_sa_allsa.cov_pop_tot;2005;27.6037286;World Bank;;;;;PERCENT
Uganda;UGA;Coverage of social safety net programs (% of population);per_sa_allsa.cov_pop_tot;2005;9.841156561;World Bank;;;;;PERCENT
Yemen, Rep.;YEM;Coverage of social safety net programs (% of population);per_sa_allsa.cov_pop_tot;2005;12.57221261;World Bank;;;;;PERCENT
South Africa;ZAF;Coverage of social safety net programs (% of population);per_sa_allsa.cov_pop_tot;2005;56.58679395;World Bank;;;;;PERCENT
Argentina;ARG;Coverage of social safety net programs (% of population);per_sa_allsa.cov_pop_tot;2006;11.35351066;World Bank;;;;;PERCENT
Bolivia;BOL;Coverage of social safety net programs (% of population);per_sa_allsa.cov_pop_tot;2006;11.66575115;World Bank;;;;;PERCENT
Brazil;BRA;Coverage of social safety net programs (% of population);per_sa_allsa.cov_pop_tot;2006;25.28841801;World Bank;;;;;PERCENT
Chile;CHL;Coverage of social safety net programs (% of population);per_sa_allsa.cov_pop_tot;2006;76.94376633;World Bank;;;;;PERCENT
Guatemala;GTM;Coverage of social safety net programs (% of population);per_sa_allsa.cov_pop_tot;2006;47.1112885;World Bank;;;;;PERCENT
Iraq;IRQ;Coverage of social safety net programs (% of population);per_sa_allsa.cov_pop_tot;2006;79.97487458;World Bank;;;;;PERCENT
Jordan;JOR;Coverage of social safety net programs (% of population);per_sa_allsa.cov_pop_tot;2006;80.71908175;World Bank;;;;;PERCENT
Kyrgyz Republic;KGZ;Coverage of social safety net programs (% of population);per_sa_allsa.cov_pop_tot;2006;8.114906547;World Bank;;;;;PERCENT
Sri Lanka;LKA;Coverage of social safety net programs (% of population);per_sa_allsa.cov_pop_tot;2006;29.65362523;World Bank;;;;;PERCENT
Mauritius;MUS;Coverage of social safety net programs (% of population);per_sa_allsa.cov_pop_tot;2006;40.56690775;World Bank;;;;;PERCENT
Poland;POL;Coverage of social safety net programs (% of population);per_sa_allsa.cov_pop_tot;2006;49.32769045;World Bank;;;;;PERCENT
Thailand;THA;Coverage of social safety net programs (% of population);per_sa_allsa.cov_pop_tot;2006;43.28242617;World Bank;;;;;PERCENT
Turkiye;TUR;Coverage of social safety net programs (% of population);per_sa_allsa.cov_pop_tot;2006;30.50475576;World Bank;;;;;PERCENT
Ukraine;UKR;Coverage of social safety net programs (% of population);per_sa_allsa.cov_pop_tot;2006;47.44563397;World Bank;;;;;PERCENT
Venezuela, RB;VEN;Coverage of social safety net programs (% of population);per_sa_allsa.cov_pop_tot;2006;4.739150045;World Bank;;;;;PERCENT
Viet Nam;VNM;Coverage of social safety net programs (% of population);per_sa_allsa.cov_pop_tot;2006;22.53121157;World Bank;;;;;PERCENT
Kosovo;XKX;Coverage of social safety net programs (% of population);per_sa_allsa.cov_pop_tot;2006;6.991670342;World Bank;;;;;PERCENT
Afghanistan;AFG;Coverage of social safety net programs (% of population);per_sa_allsa.cov_pop_tot;2007;15.26276264;World Bank;;;;;PERCENT
Bulgaria;BGR;Coverage of social safety net programs (% of population);per_sa_allsa.cov_pop_tot;2007;39.53488367;World Bank;;;;;PERCENT
Bosnia and Herzegovina;BIH;Coverage of social safety net programs (% of population);per_sa_allsa.cov_pop_tot;2007;23.82791924;World Bank;;;;;PERCENT
Bolivia;BOL;Coverage of social safety net programs (% of population);per_sa_allsa.cov_pop_tot;2007;54.58851402;World Bank;;;;;PERCENT
Bhutan;BTN;Coverage of social safety net programs (% of population);per_sa_allsa.cov_pop_tot;2007;1.01001596;World Bank;;;;;PERCENT
Cameroon;CMR;Coverage of social safety net programs (% of population);per_sa_allsa.cov_pop_tot;2007;1.365216779;World Bank;;;;;PERCENT
Cabo Verde;CPV;Coverage of social safety net programs (% of population);per_sa_allsa.cov_pop_tot;2007;21.86641065;World Bank;;;;;PERCENT
Dominican Republic;DOM;Coverage of social safety net programs (% of population);per_sa_allsa.cov_pop_tot;2007;10.41048161;World Bank;;;;;PERCENT
Hungary;HUN;Coverage of social safety net programs (% of population);per_sa_allsa.cov_pop_tot;2007;59.53975422;World Bank;;;;;PERCENT
Kazakhstan;KAZ;Coverage of social safety net programs (% of population);per_sa_allsa.cov_pop_tot;2007;29.09089001;World Bank;;;;;PERCENT
Liberia;LBR;Coverage of social safety net programs (% of population);per_sa_allsa.cov_pop_tot;2007;30.47014765;World Bank;;;;;PERCENT
Mongolia;MNG;Coverage of social safety net programs (% of population);per_sa_allsa.cov_pop_tot;2007;83.2392436;World Bank;;;;;PERCENT
Pakistan;PAK;Coverage of social safety net programs (% of population);per_sa_allsa.cov_pop_tot;2007;2.598012452;World Bank;;;;;PERCENT
Poland;POL;Coverage of social safety net programs (% of population);per_sa_allsa.cov_pop_tot;2007;47.58558541;World Bank;;;;;PERCENT
Paraguay;PRY;Coverage of social safety net programs (% of population);per_sa_allsa.cov_pop_tot;2007;32.72421504;World Bank;;;;;PERCENT
West Bank and Gaza;PSE;Coverage of social safety net programs (% of population);per_sa_allsa.cov_pop_tot;2007;11.48964948;World Bank;;;;;PERCENT
Russian Federation;RUS;Coverage of social safety net programs (% of population);per_sa_allsa.cov_pop_tot;2007;28.16465981;World Bank;;;;;PERCENT
El Salvador;SLV;Coverage of social safety net programs (% of population);per_sa_allsa.cov_pop_tot;2007;29.17817677;World Bank;;;;;PERCENT
Serbia;SRB;Coverage of social safety net programs (% of population);per_sa_allsa.cov_pop_tot;2007;11.85202639;World Bank;;;;;PERCENT
Timor-Leste;TLS;Coverage of social safety net programs (% of population);per_sa_allsa.cov_pop_tot;2007;26.26864786;World Bank;;;;;PERCENT
Turkiye;TUR;Coverage of social safety net programs (% of population);per_sa_allsa.cov_pop_tot;2007;33.16355257;World Bank;;;;;PERCENT
Zimbabwe;ZWE;Coverage of social safety net programs (% of population);per_sa_allsa.cov_pop_tot;2007;19.97841617;World Bank;;;;;PERCENT
Albania;ALB;Coverage of social safety net programs (% of population);per_sa_allsa.cov_pop_tot;2008;32.67408536;World Bank;;;;;PERCENT
Armenia;ARM;Coverage of social safety net programs (% of population);per_sa_allsa.cov_pop_tot;2008;22.4404155;World Bank;;;;;PERCENT
Belarus;BLR;Coverage of social safety net programs (% of population);per_sa_allsa.cov_pop_tot;2008;59.94742717;World Bank;;;;;PERCENT
Bolivia;BOL;Coverage of social safety net programs (% of population);per_sa_allsa.cov_pop_tot;2008;71.42288543;World Bank;;;;;PERCENT
Cote d'Ivoire;CIV;Coverage of social safety net programs (% of population);per_sa_allsa.cov_pop_tot;2008;26.71842683;World Bank;;;;;PERCENT
Costa Rica;CRI;Coverage of social safety net programs (% of population);per_sa_allsa.cov_pop_tot;2008;54.2578597;World Bank;;;;;PERCENT
Dominican Republic;DOM;Coverage of social safety net programs (% of population);per_sa_allsa.cov_pop_tot;2008;19.13767807;World Bank;;;;;PERCENT
Ecuador;ECU;Coverage of social safety net programs (% of population);per_sa_allsa.cov_pop_tot;2008;57.87630737;World Bank;;;;;PERCENT
Egypt, Arab Rep.;EGY;Coverage of social safety net programs (% of population);per_sa_allsa.cov_pop_tot;2008;44.87780734;World Bank;;;;;PERCENT
Fiji;FJI;Coverage of social safety net programs (% of population);per_sa_allsa.cov_pop_tot;2008;9.552389271;World Bank;;;;;PERCENT
Honduras;HND;Coverage of social safety net programs (% of population);per_sa_allsa.cov_pop_tot;2008;49.84826143;World Bank;;;;;PERCENT
Croatia;HRV;Coverage of social safety net programs (% of population);per_sa_allsa.cov_pop_tot;2008;23.311343;World Bank;;;;;PERCENT
Lithuania;LTU;Coverage of social safety net programs (% of population);per_sa_allsa.cov_pop_tot;2008;58.67134067;World Bank;;;;;PERCENT
Latvia;LVA;Coverage of social safety net programs (% of population);per_sa_allsa.cov_pop_tot;2008;38.96895553;World Bank;;;;;PERCENT
Mexico;MEX;Coverage of social safety net programs (% of population);per_sa_allsa.cov_pop_tot;2008;15.62600354;World Bank;;;;;PERCENT
Mozambique;MOZ;Coverage of social safety net programs (% of population);per_sa_allsa.cov_pop_tot;2008;5.173860629;World Bank;;;;;PERCENT
Mauritania;MRT;Coverage of social safety net programs (% of population);per_sa_allsa.cov_pop_tot;2008;33.52565832;World Bank;;;;;PERCENT
Malaysia;MYS;Coverage of social safety net programs (% of population);per_sa_allsa.cov_pop_tot;2008;82.81368523;World Bank;;;;;PERCENT
Panama;PAN;Coverage of social safety net programs (% of population);per_sa_allsa.cov_pop_tot;2008;52.02119038;World Bank;;;;;PERCENT
Peru;PER;Coverage of social safety net programs (% of population);per_sa_allsa.cov_pop_tot;2008;43.54482206;World Bank;;;;;PERCENT
Poland;POL;Coverage of social safety net programs (% of population);per_sa_allsa.cov_pop_tot;2008;43.29233535;World Bank;;;;;PERCENT
Paraguay;PRY;Coverage of social safety net programs (% of population);per_sa_allsa.cov_pop_tot;2008;38.94794175;World Bank;;;;;PERCENT
Romania;ROU;Coverage of social safety net programs (% of population);per_sa_allsa.cov_pop_tot;2008;55.41552572;World Bank;;;;;PERCENT
El Salvador;SLV;Coverage of social safety net programs (% of population);per_sa_allsa.cov_pop_tot;2008;32.14727795;World Bank;;;;;PERCENT
Turkiye;TUR;Coverage of social safety net programs (% of population);per_sa_allsa.cov_pop_tot;2008;37.05218498;World Bank;;;;;PERCENT
Tanzania;TZA;Coverage of social safety net programs (% of population);per_sa_allsa.cov_pop_tot;2008;8.779000757;World Bank;;;;;PERCENT
Uruguay;URY;Coverage of social safety net programs (% of population);per_sa_allsa.cov_pop_tot;2008;48.05972803;World Bank;;;;;PERCENT
Armenia;ARM;Coverage of social safety net programs (% of population);per_sa_allsa.cov_pop_tot;2009;19.59613643;World Bank;;;;;PERCENT
Belarus;BLR;Coverage of social safety net programs (% of population);per_sa_allsa.cov_pop_tot;2009;58.55186834;World Bank;;;;;PERCENT
Belize;BLZ;Coverage of social safety net programs (% of population);per_sa_allsa.cov_pop_tot;2009;16.27321633;World Bank;;;;;PERCENT
Bolivia;BOL;Coverage of social safety net programs (% of population);per_sa_allsa.cov_pop_tot;2009;77.94025848;World Bank;;;;;PERCENT
Brazil;BRA;Coverage of social safety net programs (% of population);per_sa_allsa.cov_pop_tot;2009;17.56058594;World Bank;;;;;PERCENT
Botswana;BWA;Coverage of social safety net programs (% of population);per_sa_allsa.cov_pop_tot;2009;73.77427204;World Bank;;;;;PERCENT
Chile;CHL;Coverage of social safety net programs (% of population);per_sa_allsa.cov_pop_tot;2009;77.89654459;World Bank;;;;;PERCENT
Costa Rica;CRI;Coverage of social safety net programs (% of population);per_sa_allsa.cov_pop_tot;2009;52.60413398;World Bank;;;;;PERCENT
Dominican Republic;DOM;Coverage of social safety net programs (% of population);per_sa_allsa.cov_pop_tot;2009;25.49091713;World Bank;;;;;PERCENT
Honduras;HND;Coverage of social safety net programs (% of population);per_sa_allsa.cov_pop_tot;2009;49.00481828;World Bank;;;;;PERCENT
Indonesia;IDN;Coverage of social safety net programs (% of population);per_sa_allsa.cov_pop_tot;2009;40.94486367;World Bank;;;;;PERCENT
India;IND;Coverage of social safety net programs (% of population);per_sa_allsa.cov_pop_tot;2009;17.24391696;World Bank;;;;;PERCENT
Sri Lanka;LKA;Coverage of social safety net programs (% of population);per_sa_allsa.cov_pop_tot;2009;23.64756751;World Bank;;;;;PERCENT
Latvia;LVA;Coverage of social safety net programs (% of population);per_sa_allsa.cov_pop_tot;2009;50.81145972;World Bank;;;;;PERCENT
Morocco;MAR;Coverage of social safety net programs (% of population);per_sa_allsa.cov_pop_tot;2009;36.5889383;World Bank;;;;;PERCENT
Maldives;MDV;Coverage of social safety net programs (% of population);per_sa_allsa.cov_pop_tot;2009;26.62472106;World Bank;;;;;PERCENT
Mongolia;MNG;Coverage of social safety net programs (% of population);per_sa_allsa.cov_pop_tot;2009;83.86137969;World Bank;;;;;PERCENT
Namibia;NAM;Coverage of social safety net programs (% of population);per_sa_allsa.cov_pop_tot;2009;15.16233679;World Bank;;;;;PERCENT
Nicaragua;NIC;Coverage of social safety net programs (% of population);per_sa_allsa.cov_pop_tot;2009;39.65900569;World Bank;;;;;PERCENT
Pakistan;PAK;Coverage of social safety net programs (% of population);per_sa_allsa.cov_pop_tot;2009;12.25607565;World Bank;;;;;PERCENT
Panama;PAN;Coverage of social safety net programs (% of population);per_sa_allsa.cov_pop_tot;2009;51.79344528;World Bank;;;;;PERCENT
Peru;PER;Coverage of social safety net programs (% of population);per_sa_allsa.cov_pop_tot;2009;56.96581609;World Bank;;;;;PERCENT
Papua New Guinea;PNG;Coverage of social safety net programs (% of population);per_sa_allsa.cov_pop_tot;2009;3.35500496;World Bank;;;;;PERCENT
Poland;POL;Coverage of social safety net programs (% of population);per_sa_allsa.cov_pop_tot;2009;41.08965291;World Bank;;;;;PERCENT
Paraguay;PRY;Coverage of social safety net programs (% of population);per_sa_allsa.cov_pop_tot;2009;39.85430025;World Bank;;;;;PERCENT
West Bank and Gaza;PSE;Coverage of social safety net programs (% of population);per_sa_allsa.cov_pop_tot;2009;10.71726135;World Bank;;;;;PERCENT
Sudan;SDN;Coverage of social safety net programs (% of population);per_sa_allsa.cov_pop_tot;2009;7.448155525;World Bank;;;;;PERCENT
El Salvador;SLV;Coverage of social safety net programs (% of population);per_sa_allsa.cov_pop_tot;2009;42.47755312;World Bank;;;;;PERCENT
South Sudan;SSD;Coverage of social safety net programs (% of population);per_sa_allsa.cov_pop_tot;2009;6.241508008;World Bank;;;;;PERCENT
Slovak Republic;SVK;Coverage of social safety net programs (% of population);per_sa_allsa.cov_pop_tot;2009;83.19675087;World Bank;;;;;PERCENT
Eswatini;SWZ;Coverage of social safety net programs (% of population);per_sa_allsa.cov_pop_tot;2009;51.64929481;World Bank;;;;;PERCENT
Thailand;THA;Coverage of social safety net programs (% of population);per_sa_allsa.cov_pop_tot;2009;63.89341678;World Bank;;;;;PERCENT
Turkiye;TUR;Coverage of social safety net programs (% of population);per_sa_allsa.cov_pop_tot;2009;17.96610788;World Bank;;;;;PERCENT
Uganda;UGA;Coverage of social safety net programs (% of population);per_sa_allsa.cov_pop_tot;2009;6.469209827;World Bank;;;;;PERCENT
Uruguay;URY;Coverage of social safety net programs (% of population);per_sa_allsa.cov_pop_tot;2009;55.32149782;World Bank;;;;;PERCENT
Argentina;ARG;Coverage of social safety net programs (% of population);per_sa_allsa.cov_pop_tot;2010;9.394351261;World Bank;;;;;PERCENT
Armenia;ARM;Coverage of social safety net programs (% of population);per_sa_allsa.cov_pop_tot;2010;23.21633396;World Bank;;;;;PERCENT
Bangladesh;BGD;Coverage of social safety net programs (% of population);per_sa_allsa.cov_pop_tot;2010;15.07843601;World Bank;;;;;PERCENT
Belarus;BLR;Coverage of social safety net programs (% of population);per_sa_allsa.cov_pop_tot;2010;58.27909711;World Bank;;;;;PERCENT
Colombia;COL;Coverage of social safety net programs (% of population);per_sa_allsa.cov_pop_tot;2010;44.79681222;World Bank;;;;;PERCENT
Costa Rica;CRI;Coverage of social safety net programs (% of population);per_sa_allsa.cov_pop_tot;2010;48.80938006;World Bank;;;;;PERCENT
Dominican Republic;DOM;Coverage of social safety net programs (% of population);per_sa_allsa.cov_pop_tot;2010;28.37340855;World Bank;;;;;PERCENT
Ecuador;ECU;Coverage of social safety net programs (% of population);per_sa_allsa.cov_pop_tot;2010;64.68917788;World Bank;;;;;PERCENT
Ethiopia;ETH;Coverage of social safety net programs (% of population);per_sa_allsa.cov_pop_tot;2010;13.24794851;World Bank;;;;;PERCENT
Gambia, The;GMB;Coverage of social safety net programs (% of population);per_sa_allsa.cov_pop_tot;2010;7.082151272;World Bank;;;;;PERCENT
Honduras;HND;Coverage of social safety net programs (% of population);per_sa_allsa.cov_pop_tot;2010;51.23823256;World Bank;;;;;PERCENT
Croatia;HRV;Coverage of social safety net programs (% of population);per_sa_allsa.cov_pop_tot;2010;24.56946254;World Bank;;;;;PERCENT
Jamaica;JAM;Coverage of social safety net programs (% of population);per_sa_allsa.cov_pop_tot;2010;54.65493284;World Bank;;;;;PERCENT
Jordan;JOR;Coverage of social safety net programs (% of population);per_sa_allsa.cov_pop_tot;2010;65.67797264;World Bank;;;;;PERCENT
Kazakhstan;KAZ;Coverage of social safety net programs (% of population);per_sa_allsa.cov_pop_tot;2010;33.5863035;World Bank;;;;;PERCENT
Lesotho;LSO;Coverage of social safety net programs (% of population);per_sa_allsa.cov_pop_tot;2010;6.322613608;World Bank;;;;;PERCENT
Moldova;MDA;Coverage of social safety net programs (% of population);per_sa_allsa.cov_pop_tot;2010;33.76308686;World Bank;;;;;PERCENT
Mexico;MEX;Coverage of social safety net programs (% of population);per_sa_allsa.cov_pop_tot;2010;31.99193381;World Bank;;;;;PERCENT
Mongolia;MNG;Coverage of social safety net programs (% of population);per_sa_allsa.cov_pop_tot;2010;94.70282278;World Bank;;;;;PERCENT
Malawi;MWI;Coverage of social safety net programs (% of population);per_sa_allsa.cov_pop_tot;2010;19.80089044;World Bank;;;;;PERCENT
Nigeria;NGA;Coverage of social safety net programs (% of population);per_sa_allsa.cov_pop_tot;2010;1.424361304;World Bank;;;;;PERCENT
Nepal;NPL;Coverage of social safety net programs (% of population);per_sa_allsa.cov_pop_tot;2010;40.13761204;World Bank;;;;;PERCENT
Panama;PAN;Coverage of social safety net programs (% of population);per_sa_allsa.cov_pop_tot;2010;51.93946457;World Bank;;;;;PERCENT
Peru;PER;Coverage of social safety net programs (% of population);per_sa_allsa.cov_pop_tot;2010;60.76289157;World Bank;;;;;PERCENT
Poland;POL;Coverage of social safety net programs (% of population);per_sa_allsa.cov_pop_tot;2010;39.55377039;World Bank;;;;;PERCENT
Paraguay;PRY;Coverage of social safety net programs (% of population);per_sa_allsa.cov_pop_tot;2010;49.72558123;World Bank;;;;;PERCENT
Rwanda;RWA;Coverage of social safety net programs (% of population);per_sa_allsa.cov_pop_tot;2010;22.5369328;World Bank;;;;;PERCENT
El Salvador;SLV;Coverage of social safety net programs (% of population);per_sa_allsa.cov_pop_tot;2010;57.52526904;World Bank;;;;;PERCENT
Serbia;SRB;Coverage of social safety net programs (% of population);per_sa_allsa.cov_pop_tot;2010;11.27446958;World Bank;;;;;PERCENT
Tunisia;TUN;Coverage of social safety net programs (% of population);per_sa_allsa.cov_pop_tot;2010;14.42593193;World Bank;;;;;PERCENT
Turkiye;TUR;Coverage of social safety net programs (% of population);per_sa_allsa.cov_pop_tot;2010;18.44495138;World Bank;;;;;PERCENT
Tanzania;TZA;Coverage of social safety net programs (% of population);per_sa_allsa.cov_pop_tot;2010;15.71451037;World Bank;;;;;PERCENT
Uruguay;URY;Coverage of social safety net programs (% of population);per_sa_allsa.cov_pop_tot;2010;58.7415339;World Bank;;;;;PERCENT
Viet Nam;VNM;Coverage of social safety net programs (% of population);per_sa_allsa.cov_pop_tot;2010;38.54104788;World Bank;;;;;PERCENT
South Africa;ZAF;Coverage of social safety net programs (% of population);per_sa_allsa.cov_pop_tot;2010;60.80927575;World Bank;;;;;PERCENT
Zambia;ZMB;Coverage of social safety net programs (% of population);per_sa_allsa.cov_pop_tot;2010;0.729851985;World Bank;;;;;PERCENT
Afghanistan;AFG;Coverage of social safety net programs (% of population);per_sa_allsa.cov_pop_tot;2011;8.820582327;World Bank;;;;;PERCENT
Argentina;ARG;Coverage of social safety net programs (% of population);per_sa_allsa.cov_pop_tot;2011;17.06436327;World Bank;;;;;PERCENT
Armenia;ARM;Coverage of social safety net programs (% of population);per_sa_allsa.cov_pop_tot;2011;20.2294861;World Bank;;;;;PERCENT
Bolivia;BOL;Coverage of social safety net programs (% of population);per_sa_allsa.cov_pop_tot;2011;74.7325147;World Bank;;;;;PERCENT
Brazil;BRA;Coverage of social safety net programs (% of population);per_sa_allsa.cov_pop_tot;2011;18.65214363;World Bank;;;;;PERCENT
Chile;CHL;Coverage of social safety net programs (% of population);per_sa_allsa.cov_pop_tot;2011;77.42602283;World Bank;;;;;PERCENT
Colombia;COL;Coverage of social safety net programs (% of population);per_sa_allsa.cov_pop_tot;2011;43.9866328;World Bank;;;;;PERCENT
Costa Rica;CRI;Coverage of social safety net programs (% of population);per_sa_allsa.cov_pop_tot;2011;48.77951653;World Bank;;;;;PERCENT
Dominican Republic;DOM;Coverage of social safety net programs (% of population);per_sa_allsa.cov_pop_tot;2011;26.58064419;World Bank;;;;;PERCENT
Ecuador;ECU;Coverage of social safety net programs (% of population);per_sa_allsa.cov_pop_tot;2011;37.47342231;World Bank;;;;;PERCENT
Georgia;GEO;Coverage of social safety net programs (% of population);per_sa_allsa.cov_pop_tot;2011;64.63777987;World Bank;;;;;PERCENT
Guatemala;GTM;Coverage of social safety net programs (% of population);per_sa_allsa.cov_pop_tot;2011;61.09494648;World Bank;;;;;PERCENT
Honduras;HND;Coverage of social safety net programs (% of population);per_sa_allsa.cov_pop_tot;2011;49.15931966;World Bank;;;;;PERCENT
Croatia;HRV;Coverage of social safety net programs (% of population);per_sa_allsa.cov_pop_tot;2011;20.54094124;World Bank;;;;;PERCENT
Indonesia;IDN;Coverage of social safety net programs (% of population);per_sa_allsa.cov_pop_tot;2011;51.28259689;World Bank;;;;;PERCENT
India;IND;Coverage of social safety net programs (% of population);per_sa_allsa.cov_pop_tot;2011;74.89564576;World Bank;;;;;PERCENT
Kyrgyz Republic;KGZ;Coverage of social safety net programs (% of population);per_sa_allsa.cov_pop_tot;2011;8.474515596;World Bank;;;;;PERCENT
Mongolia;MNG;Coverage of social safety net programs (% of population);per_sa_allsa.cov_pop_tot;2011;99.68378796;World Bank;;;;;PERCENT
Niger;NER;Coverage of social safety net programs (% of population);per_sa_allsa.cov_pop_tot;2011;2.736222024;World Bank;;;;;PERCENT
Panama;PAN;Coverage of social safety net programs (% of population);per_sa_allsa.cov_pop_tot;2011;48.39639558;World Bank;;;;;PERCENT
Peru;PER;Coverage of social safety net programs (% of population);per_sa_allsa.cov_pop_tot;2011;58.362387;World Bank;;;;;PERCENT
Poland;POL;Coverage of social safety net programs (% of population);per_sa_allsa.cov_pop_tot;2011;39.33474209;World Bank;;;;;PERCENT
Paraguay;PRY;Coverage of social safety net programs (% of population);per_sa_allsa.cov_pop_tot;2011;47.75478334;World Bank;;;;;PERCENT
Romania;ROU;Coverage of social safety net programs (% of population);per_sa_allsa.cov_pop_tot;2011;62.20367392;World Bank;;;;;PERCENT
Senegal;SEN;Coverage of social safety net programs (% of population);per_sa_allsa.cov_pop_tot;2011;8.23709756;World Bank;;;;;PERCENT
Sierra Leone;SLE;Coverage of social safety net programs (% of population);per_sa_allsa.cov_pop_tot;2011;30.1557655;World Bank;;;;;PERCENT
El Salvador;SLV;Coverage of social safety net programs (% of population);per_sa_allsa.cov_pop_tot;2011;53.97949301;World Bank;;;;;PERCENT
Chad;TCD;Coverage of social safety net programs (% of population);per_sa_allsa.cov_pop_tot;2011;0.572243024;World Bank;;;;;PERCENT
Thailand;THA;Coverage of social safety net programs (% of population);per_sa_allsa.cov_pop_tot;2011;62.58309412;World Bank;;;;;PERCENT
Tajikistan;TJK;Coverage of social safety net programs (% of population);per_sa_allsa.cov_pop_tot;2011;9.749931532;World Bank;;;;;PERCENT
Timor-Leste;TLS;Coverage of social safety net programs (% of population);per_sa_allsa.cov_pop_tot;2011;35.20902941;World Bank;;;;;PERCENT
Turkiye;TUR;Coverage of social safety net programs (% of population);per_sa_allsa.cov_pop_tot;2011;18.39215386;World Bank;;;;;PERCENT
Ukraine;UKR;Coverage of social safety net programs (% of population);per_sa_allsa.cov_pop_tot;2011;48.98668245;World Bank;;;;;PERCENT
Uruguay;URY;Coverage of social safety net programs (% of population);per_sa_allsa.cov_pop_tot;2011;57.4832142;World Bank;;;;;PERCENT
Kosovo;XKX;Coverage of social safety net programs (% of population);per_sa_allsa.cov_pop_tot;2011;12.47822305;World Bank;;;;;PERCENT
Zimbabwe;ZWE;Coverage of social safety net programs (% of population);per_sa_allsa.cov_pop_tot;2011;27.72977257;World Bank;;;;;PERCENT
Albania;ALB;Coverage of social safety net programs (% of population);per_sa_allsa.cov_pop_tot;2012;19.08167238;World Bank;;;;;PERCENT
Argentina;ARG;Coverage of social safety net programs (% of population);per_sa_allsa.cov_pop_tot;2012;16.26982466;World Bank;;;;;PERCENT
Armenia;ARM;Coverage of social safety net programs (% of population);per_sa_allsa.cov_pop_tot;2012;25.04328286;World Bank;;;;;PERCENT
Belarus;BLR;Coverage of social safety net programs (% of population);per_sa_allsa.cov_pop_tot;2012;57.30477938;World Bank;;;;;PERCENT
Bolivia;BOL;Coverage of social safety net programs (% of population);per_sa_allsa.cov_pop_tot;2012;75.18254034;World Bank;;;;;PERCENT
Brazil;BRA;Coverage of social safety net programs (% of population);per_sa_allsa.cov_pop_tot;2012;19.52787681;World Bank;;;;;PERCENT
Bhutan;BTN;Coverage of social safety net programs (% of population);per_sa_allsa.cov_pop_tot;2012;2.251946207;World Bank;;;;;PERCENT
Congo, Dem. Rep.;COD;Coverage of social safety net programs (% of population);per_sa_allsa.cov_pop_tot;2012;9.99040157;World Bank;;;;;PERCENT
Colombia;COL;Coverage of social safety net programs (% of population);per_sa_allsa.cov_pop_tot;2012;41.70569878;World Bank;;;;;PERCENT
Costa Rica;CRI;Coverage of social safety net programs (% of population);per_sa_allsa.cov_pop_tot;2012;47.46082698;World Bank;;;;;PERCENT
Djibouti;DJI;Coverage of social safety net programs (% of population);per_sa_allsa.cov_pop_tot;2012;9.525452203;World Bank;;;;;PERCENT
Dominican Republic;DOM;Coverage of social safety net programs (% of population);per_sa_allsa.cov_pop_tot;2012;31.49782393;World Bank;;;;;PERCENT
Ecuador;ECU;Coverage of social safety net programs (% of population);per_sa_allsa.cov_pop_tot;2012;67.98834534;World Bank;;;;;PERCENT
Georgia;GEO;Coverage of social safety net programs (% of population);per_sa_allsa.cov_pop_tot;2012;60.45411236;World Bank;;;;;PERCENT
Ghana;GHA;Coverage of social safety net programs (% of population);per_sa_allsa.cov_pop_tot;2012;1.376978701;World Bank;;;;;PERCENT
Guinea;GIN;Coverage of social safety net programs (% of population);per_sa_allsa.cov_pop_tot;2012;1.714290132;World Bank;;;;;PERCENT
Haiti;HTI;Coverage of social safety net programs (% of population);per_sa_allsa.cov_pop_tot;2012;19.12826071;World Bank;;;;;PERCENT
Indonesia;IDN;Coverage of social safety net programs (% of population);per_sa_allsa.cov_pop_tot;2012;53.79379101;World Bank;;;;;PERCENT
Iraq;IRQ;Coverage of social safety net programs (% of population);per_sa_allsa.cov_pop_tot;2012;75.77255323;World Bank;;;;;PERCENT
Kyrgyz Republic;KGZ;Coverage of social safety net programs (% of population);per_sa_allsa.cov_pop_tot;2012;7.29996652;World Bank;;;;;PERCENT
Sri Lanka;LKA;Coverage of social safety net programs (% of population);per_sa_allsa.cov_pop_tot;2012;26.18693714;World Bank;;;;;PERCENT
Moldova;MDA;Coverage of social safety net programs (% of population);per_sa_allsa.cov_pop_tot;2012;29.34292627;World Bank;;;;;PERCENT
Mexico;MEX;Coverage of social safety net programs (% of population);per_sa_allsa.cov_pop_tot;2012;37.06542966;World Bank;;;;;PERCENT
Montenegro;MNE;Coverage of social safety net programs (% of population);per_sa_allsa.cov_pop_tot;2012;8.566845723;World Bank;;;;;PERCENT
Mongolia;MNG;Coverage of social safety net programs (% of population);per_sa_allsa.cov_pop_tot;2012;99.83052731;World Bank;;;;;PERCENT
Mauritius;MUS;Coverage of social safety net programs (% of population);per_sa_allsa.cov_pop_tot;2012;44.85370513;World Bank;;;;;PERCENT
Malaysia;MYS;Coverage of social safety net programs (% of population);per_sa_allsa.cov_pop_tot;2012;79.22384356;World Bank;;;;;PERCENT
Nigeria;NGA;Coverage of social safety net programs (% of population);per_sa_allsa.cov_pop_tot;2012;3.437260398;World Bank;;;;;PERCENT
Panama;PAN;Coverage of social safety net programs (% of population);per_sa_allsa.cov_pop_tot;2012;52.36625013;World Bank;;;;;PERCENT
Peru;PER;Coverage of social safety net programs (% of population);per_sa_allsa.cov_pop_tot;2012;86.64396777;World Bank;;;;;PERCENT
Poland;POL;Coverage of social safety net programs (% of population);per_sa_allsa.cov_pop_tot;2012;38.75305414;World Bank;;;;;PERCENT
Paraguay;PRY;Coverage of social safety net programs (% of population);per_sa_allsa.cov_pop_tot;2012;61.9859535;World Bank;;;;;PERCENT
Romania;ROU;Coverage of social safety net programs (% of population);per_sa_allsa.cov_pop_tot;2012;61.83328724;World Bank;;;;;PERCENT
El Salvador;SLV;Coverage of social safety net programs (% of population);per_sa_allsa.cov_pop_tot;2012;88.61370623;World Bank;;;;;PERCENT
Turkiye;TUR;Coverage of social safety net programs (% of population);per_sa_allsa.cov_pop_tot;2012;15.86074501;World Bank;;;;;PERCENT
Tanzania;TZA;Coverage of social safety net programs (% of population);per_sa_allsa.cov_pop_tot;2012;19.34532687;World Bank;;;;;PERCENT
Uganda;UGA;Coverage of social safety net programs (% of population);per_sa_allsa.cov_pop_tot;2012;60.47230763;World Bank;;;;;PERCENT
Ukraine;UKR;Coverage of social safety net programs (% of population);per_sa_allsa.cov_pop_tot;2012;49.5167919;World Bank;;;;;PERCENT
Uruguay;URY;Coverage of social safety net programs (% of population);per_sa_allsa.cov_pop_tot;2012;59.20504719;World Bank;;;;;PERCENT
Viet Nam;VNM;Coverage of social safety net programs (% of population);per_sa_allsa.cov_pop_tot;2012;23.38437144;World Bank;;;;;PERCENT
Kosovo;XKX;Coverage of social safety net programs (% of population);per_sa_allsa.cov_pop_tot;2012;13.70136107;World Bank;;;;;PERCENT
Argentina;ARG;Coverage of social safety net programs (% of population);per_sa_allsa.cov_pop_tot;2013;19.76204865;World Bank;;;;;PERCENT
Armenia;ARM;Coverage of social safety net programs (% of population);per_sa_allsa.cov_pop_tot;2013;24.63270115;World Bank;;;;;PERCENT
Belarus;BLR;Coverage of social safety net programs (% of population);per_sa_allsa.cov_pop_tot;2013;54.09910921;World Bank;;;;;PERCENT
Chile;CHL;Coverage of social safety net programs (% of population);per_sa_allsa.cov_pop_tot;2013;74.69485687;World Bank;;;;;PERCENT
China;CHN;Coverage of social safety net programs (% of population);per_sa_allsa.cov_pop_tot;2013;43.81317635;World Bank;;;;;PERCENT
Dominican Republic;DOM;Coverage of social safety net programs (% of population);per_sa_allsa.cov_pop_tot;2013;28.76995883;World Bank;;;;;PERCENT
Fiji;FJI;Coverage of social safety net programs (% of population);per_sa_allsa.cov_pop_tot;2013;30.32745902;World Bank;;;;;PERCENT
Georgia;GEO;Coverage of social safety net programs (% of population);per_sa_allsa.cov_pop_tot;2013;60.78643217;World Bank;;;;;PERCENT
Honduras;HND;Coverage of social safety net programs (% of population);per_sa_allsa.cov_pop_tot;2013;54.2167611;World Bank;;;;;PERCENT
Kyrgyz Republic;KGZ;Coverage of social safety net programs (% of population);per_sa_allsa.cov_pop_tot;2013;7.177861881;World Bank;;;;;PERCENT
Moldova;MDA;Coverage of social safety net programs (% of population);per_sa_allsa.cov_pop_tot;2013;23.79202573;World Bank;;;;;PERCENT
Montenegro;MNE;Coverage of social safety net programs (% of population);per_sa_allsa.cov_pop_tot;2013;10.4104706;World Bank;;;;;PERCENT
Malawi;MWI;Coverage of social safety net programs (% of population);per_sa_allsa.cov_pop_tot;2013;41.74015905;World Bank;;;;;PERCENT
Pakistan;PAK;Coverage of social safety net programs (% of population);per_sa_allsa.cov_pop_tot;2013;11.19557382;World Bank;;;;;PERCENT
Panama;PAN;Coverage of social safety net programs (% of population);per_sa_allsa.cov_pop_tot;2013;53.9405437;World Bank;;;;;PERCENT
Peru;PER;Coverage of social safety net programs (% of population);per_sa_allsa.cov_pop_tot;2013;54.33507525;World Bank;;;;;PERCENT
Philippines;PHL;Coverage of social safety net programs (% of population);per_sa_allsa.cov_pop_tot;2013;27.35446488;World Bank;;;;;PERCENT
Paraguay;PRY;Coverage of social safety net programs (% of population);per_sa_allsa.cov_pop_tot;2013;59.91109164;World Bank;;;;;PERCENT
Rwanda;RWA;Coverage of social safety net programs (% of population);per_sa_allsa.cov_pop_tot;2013;20.0879472;World Bank;;;;;PERCENT
Serbia;SRB;Coverage of social safety net programs (% of population);per_sa_allsa.cov_pop_tot;2013;11.72430809;World Bank;;;;;PERCENT
Thailand;THA;Coverage of social safety net programs (% of population);per_sa_allsa.cov_pop_tot;2013;59.33326468;World Bank;;;;;PERCENT
Turkiye;TUR;Coverage of social safety net programs (% of population);per_sa_allsa.cov_pop_tot;2013;16.69056926;World Bank;;;;;PERCENT
Ukraine;UKR;Coverage of social safety net programs (% of population);per_sa_allsa.cov_pop_tot;2013;48.07395941;World Bank;;;;;PERCENT
Kosovo;XKX;Coverage of social safety net programs (% of population);per_sa_allsa.cov_pop_tot;2013;14.05047111;World Bank;;;;;PERCENT
Argentina;ARG;Coverage of social safety net programs (% of population);per_sa_allsa.cov_pop_tot;2014;16.80849178;World Bank;;;;;PERCENT
Armenia;ARM;Coverage of social safety net programs (% of population);per_sa_allsa.cov_pop_tot;2014;28.39566834;World Bank;;;;;PERCENT
Burkina Faso;BFA;Coverage of social safety net programs (% of population);per_sa_allsa.cov_pop_tot;2014;2.287120484;World Bank;;;;;PERCENT
Belarus;BLR;Coverage of social safety net programs (% of population);per_sa_allsa.cov_pop_tot;2014;55.23860906;World Bank;;;;;PERCENT
Bolivia;BOL;Coverage of social safety net programs (% of population);per_sa_allsa.cov_pop_tot;2014;77.45261845;World Bank;;;;;PERCENT
Cameroon;CMR;Coverage of social safety net programs (% of population);per_sa_allsa.cov_pop_tot;2014;0.874446503;World Bank;;;;;PERCENT
Colombia;COL;Coverage of social safety net programs (% of population);per_sa_allsa.cov_pop_tot;2014;59.25074218;World Bank;;;;;PERCENT
Costa Rica;CRI;Coverage of social safety net programs (% of population);per_sa_allsa.cov_pop_tot;2014;45.85029098;World Bank;;;;;PERCENT
Dominican Republic;DOM;Coverage of social safety net programs (% of population);per_sa_allsa.cov_pop_tot;2014;29.9558549;World Bank;;;;;PERCENT
Ecuador;ECU;Coverage of social safety net programs (% of population);per_sa_allsa.cov_pop_tot;2014;71.32978089;World Bank;;;;;PERCENT
Georgia;GEO;Coverage of social safety net programs (% of population);per_sa_allsa.cov_pop_tot;2014;61.40494808;World Bank;;;;;PERCENT
Guatemala;GTM;Coverage of social safety net programs (% of population);per_sa_allsa.cov_pop_tot;2014;59.11318575;World Bank;;;;;PERCENT
Croatia;HRV;Coverage of social safety net programs (% of population);per_sa_allsa.cov_pop_tot;2014;27.49872208;World Bank;;;;;PERCENT
Indonesia;IDN;Coverage of social safety net programs (% of population);per_sa_allsa.cov_pop_tot;2014;57.19620409;World Bank;;;;;PERCENT
Kazakhstan;KAZ;Coverage of social safety net programs (% of population);per_sa_allsa.cov_pop_tot;2014;66.09539187;World Bank;;;;;PERCENT
Kyrgyz Republic;KGZ;Coverage of social safety net programs (% of population);per_sa_allsa.cov_pop_tot;2014;8.891397777;World Bank;;;;;PERCENT
Liberia;LBR;Coverage of social safety net programs (% of population);per_sa_allsa.cov_pop_tot;2014;6.29201065;World Bank;;;;;PERCENT
Mexico;MEX;Coverage of social safety net programs (% of population);per_sa_allsa.cov_pop_tot;2014;32.55539933;World Bank;;;;;PERCENT
Montenegro;MNE;Coverage of social safety net programs (% of population);per_sa_allsa.cov_pop_tot;2014;8.075941383;World Bank;;;;;PERCENT
Mongolia;MNG;Coverage of social safety net programs (% of population);per_sa_allsa.cov_pop_tot;2014;85.70167185;World Bank;;;;;PERCENT
Mozambique;MOZ;Coverage of social safety net programs (% of population);per_sa_allsa.cov_pop_tot;2014;1.580291124;World Bank;;;;;PERCENT
Mauritania;MRT;Coverage of social safety net programs (% of population);per_sa_allsa.cov_pop_tot;2014;45.21555033;World Bank;;;;;PERCENT
Malaysia;MYS;Coverage of social safety net programs (% of population);per_sa_allsa.cov_pop_tot;2014;88.82698998;World Bank;;;;;PERCENT
Niger;NER;Coverage of social safety net programs (% of population);per_sa_allsa.cov_pop_tot;2014;20.11299179;World Bank;;;;;PERCENT
Nicaragua;NIC;Coverage of social safety net programs (% of population);per_sa_allsa.cov_pop_tot;2014;59.75030186;World Bank;;;;;PERCENT
Panama;PAN;Coverage of social safety net programs (% of population);per_sa_allsa.cov_pop_tot;2014;51.11661099;World Bank;;;;;PERCENT
Peru;PER;Coverage of social safety net programs (% of population);per_sa_allsa.cov_pop_tot;2014;56.09761515;World Bank;;;;;PERCENT
Paraguay;PRY;Coverage of social safety net programs (% of population);per_sa_allsa.cov_pop_tot;2014;58.43560081;World Bank;;;;;PERCENT
Russian Federation;RUS;Coverage of social safety net programs (% of population);per_sa_allsa.cov_pop_tot;2014;68.00463962;World Bank;;;;;PERCENT
El Salvador;SLV;Coverage of social safety net programs (% of population);per_sa_allsa.cov_pop_tot;2014;53.14034515;World Bank;;;;;PERCENT
Turkiye;TUR;Coverage of social safety net programs (% of population);per_sa_allsa.cov_pop_tot;2014;17.67576403;World Bank;;;;;PERCENT
Tanzania;TZA;Coverage of social safety net programs (% of population);per_sa_allsa.cov_pop_tot;2014;10.93516989;World Bank;;;;;PERCENT
Viet Nam;VNM;Coverage of social safety net programs (% of population);per_sa_allsa.cov_pop_tot;2014;17.50682802;World Bank;;;;;PERCENT
Yemen, Rep.;YEM;Coverage of social safety net programs (% of population);per_sa_allsa.cov_pop_tot;2014;37.98227879;World Bank;;;;;PERCENT
South Africa;ZAF;Coverage of social safety net programs (% of population);per_sa_allsa.cov_pop_tot;2014;78.65059429;World Bank;;;;;PERCENT
Albania;ALB;Coverage of social safety net programs (% of population);per_sa_allsa.cov_pop_tot;2015;1.235942345;World Bank;;;;;PERCENT
Armenia;ARM;Coverage of social safety net programs (% of population);per_sa_allsa.cov_pop_tot;2015;30.55835216;World Bank;;;;;PERCENT
Azerbaijan;AZE;Coverage of social safety net programs (% of population);per_sa_allsa.cov_pop_tot;2015;26.91492922;World Bank;;;;;PERCENT
Bosnia and Herzegovina;BIH;Coverage of social safety net programs (% of population);per_sa_allsa.cov_pop_tot;2015;17.41749604;World Bank;;;;;PERCENT
Belarus;BLR;Coverage of social safety net programs (% of population);per_sa_allsa.cov_pop_tot;2015;52.70019909;World Bank;;;;;PERCENT
Bolivia;BOL;Coverage of social safety net programs (% of population);per_sa_allsa.cov_pop_tot;2015;75.43406928;World Bank;;;;;PERCENT
Brazil;BRA;Coverage of social safety net programs (% of population);per_sa_allsa.cov_pop_tot;2015;23.71616301;World Bank;;;;;PERCENT
Botswana;BWA;Coverage of social safety net programs (% of population);per_sa_allsa.cov_pop_tot;2015;52.19484785;World Bank;;;;;PERCENT
Chile;CHL;Coverage of social safety net programs (% of population);per_sa_allsa.cov_pop_tot;2015;71.56242274;World Bank;;;;;PERCENT
Cote d'Ivoire;CIV;Coverage of social safety net programs (% of population);per_sa_allsa.cov_pop_tot;2015;27.22926329;World Bank;;;;;PERCENT
Colombia;COL;Coverage of social safety net programs (% of population);per_sa_allsa.cov_pop_tot;2015;26.35351062;World Bank;;;;;PERCENT
Costa Rica;CRI;Coverage of social safety net programs (% of population);per_sa_allsa.cov_pop_tot;2015;52.70247929;World Bank;;;;;PERCENT
Dominican Republic;DOM;Coverage of social safety net programs (% of population);per_sa_allsa.cov_pop_tot;2015;26.21193507;World Bank;;;;;PERCENT
Ecuador;ECU;Coverage of social safety net programs (% of population);per_sa_allsa.cov_pop_tot;2015;69.2620459;World Bank;;;;;PERCENT
Ethiopia;ETH;Coverage of social safety net programs (% of population);per_sa_allsa.cov_pop_tot;2015;21.10348182;World Bank;;;;;PERCENT
Georgia;GEO;Coverage of social safety net programs (% of population);per_sa_allsa.cov_pop_tot;2015;60.75379001;World Bank;;;;;PERCENT
Gambia, The;GMB;Coverage of social safety net programs (% of population);per_sa_allsa.cov_pop_tot;2015;1.529596123;World Bank;;;;;PERCENT
Honduras;HND;Coverage of social safety net programs (% of population);per_sa_allsa.cov_pop_tot;2015;43.98538831;World Bank;;;;;PERCENT
Indonesia;IDN;Coverage of social safety net programs (% of population);per_sa_allsa.cov_pop_tot;2015;48.74022717;World Bank;;;;;PERCENT
Kazakhstan;KAZ;Coverage of social safety net programs (% of population);per_sa_allsa.cov_pop_tot;2015;30.62082682;World Bank;;;;;PERCENT
Kenya;KEN;Coverage of social safety net programs (% of population);per_sa_allsa.cov_pop_tot;2015;26.44124182;World Bank;;;;;PERCENT
Kyrgyz Republic;KGZ;Coverage of social safety net programs (% of population);per_sa_allsa.cov_pop_tot;2015;8.828410191;World Bank;;;;;PERCENT
Namibia;NAM;Coverage of social safety net programs (% of population);per_sa_allsa.cov_pop_tot;2015;40.6440053;World Bank;;;;;PERCENT
Nigeria;NGA;Coverage of social safety net programs (% of population);per_sa_allsa.cov_pop_tot;2015;3.764285524;World Bank;;;;;PERCENT
Pakistan;PAK;Coverage of social safety net programs (% of population);per_sa_allsa.cov_pop_tot;2015;10.3594674;World Bank;;;;;PERCENT
Panama;PAN;Coverage of social safety net programs (% of population);per_sa_allsa.cov_pop_tot;2015;63.81897562;World Bank;;;;;PERCENT
Peru;PER;Coverage of social safety net programs (% of population);per_sa_allsa.cov_pop_tot;2015;57.82512999;World Bank;;;;;PERCENT
Philippines;PHL;Coverage of social safety net programs (% of population);per_sa_allsa.cov_pop_tot;2015;33.83040867;World Bank;;;;;PERCENT
Poland;POL;Coverage of social safety net programs (% of population);per_sa_allsa.cov_pop_tot;2015;31.34959188;World Bank;;;;;PERCENT
Paraguay;PRY;Coverage of social safety net programs (% of population);per_sa_allsa.cov_pop_tot;2015;63.30507493;World Bank;;;;;PERCENT
Russian Federation;RUS;Coverage of social safety net programs (% of population);per_sa_allsa.cov_pop_tot;2015;66.84949173;World Bank;;;;;PERCENT
El Salvador;SLV;Coverage of social safety net programs (% of population);per_sa_allsa.cov_pop_tot;2015;88.29495351;World Bank;;;;;PERCENT
Serbia;SRB;Coverage of social safety net programs (% of population);per_sa_allsa.cov_pop_tot;2015;13.40416366;World Bank;;;;;PERCENT
Tunisia;TUN;Coverage of social safety net programs (% of population);per_sa_allsa.cov_pop_tot;2015;28.78451475;World Bank;;;;;PERCENT
Turkiye;TUR;Coverage of social safety net programs (% of population);per_sa_allsa.cov_pop_tot;2015;17.1004146;World Bank;;;;;PERCENT
Ukraine;UKR;Coverage of social safety net programs (% of population);per_sa_allsa.cov_pop_tot;2015;36.62819387;World Bank;;;;;PERCENT
Uruguay;URY;Coverage of social safety net programs (% of population);per_sa_allsa.cov_pop_tot;2015;55.87405736;World Bank;;;;;PERCENT
Zambia;ZMB;Coverage of social safety net programs (% of population);per_sa_allsa.cov_pop_tot;2015;1.460871762;World Bank;;;;;PERCENT
Albania;ALB;Coverage of social safety net programs (% of population);per_sa_allsa.cov_pop_tot;2016;1.738160316;World Bank;;;;;PERCENT
Argentina;ARG;Coverage of social safety net programs (% of population);per_sa_allsa.cov_pop_tot;2016;24.11328146;World Bank;;;;;PERCENT
Armenia;ARM;Coverage of social safety net programs (% of population);per_sa_allsa.cov_pop_tot;2016;33.38010198;World Bank;;;;;PERCENT
Bangladesh;BGD;Coverage of social safety net programs (% of population);per_sa_allsa.cov_pop_tot;2016;40.70175791;World Bank;;;;;PERCENT
Belarus;BLR;Coverage of social safety net programs (% of population);per_sa_allsa.cov_pop_tot;2016;54.08126244;World Bank;;;;;PERCENT
Bolivia;BOL;Coverage of social safety net programs (% of population);per_sa_allsa.cov_pop_tot;2016;77.57478769;World Bank;;;;;PERCENT
Brazil;BRA;Coverage of social safety net programs (% of population);per_sa_allsa.cov_pop_tot;2016;23.197618;World Bank;;;;;PERCENT
Colombia;COL;Coverage of social safety net programs (% of population);per_sa_allsa.cov_pop_tot;2016;24.3773118;World Bank;;;;;PERCENT
Costa Rica;CRI;Coverage of social safety net programs (% of population);per_sa_allsa.cov_pop_tot;2016;54.18096815;World Bank;;;;;PERCENT
Dominican Republic;DOM;Coverage of social safety net programs (% of population);per_sa_allsa.cov_pop_tot;2016;55.18518632;World Bank;;;;;PERCENT
Ecuador;ECU;Coverage of social safety net programs (% of population);per_sa_allsa.cov_pop_tot;2016;68.43238694;World Bank;;;;;PERCENT
Georgia;GEO;Coverage of social safety net programs (% of population);per_sa_allsa.cov_pop_tot;2016;64.26904415;World Bank;;;;;PERCENT
Ghana;GHA;Coverage of social safety net programs (% of population);per_sa_allsa.cov_pop_tot;2016;19.05453381;World Bank;;;;;PERCENT
Honduras;HND;Coverage of social safety net programs (% of population);per_sa_allsa.cov_pop_tot;2016;33.14880072;World Bank;;;;;PERCENT
Indonesia;IDN;Coverage of social safety net programs (% of population);per_sa_allsa.cov_pop_tot;2016;49.0269959;World Bank;;;;;PERCENT
Kyrgyz Republic;KGZ;Coverage of social safety net programs (% of population);per_sa_allsa.cov_pop_tot;2016;10.09403024;World Bank;;;;;PERCENT
Liberia;LBR;Coverage of social safety net programs (% of population);per_sa_allsa.cov_pop_tot;2016;12.69076793;World Bank;;;;;PERCENT
Sri Lanka;LKA;Coverage of social safety net programs (% of population);per_sa_allsa.cov_pop_tot;2016;28.12655275;World Bank;;;;;PERCENT
Maldives;MDV;Coverage of social safety net programs (% of population);per_sa_allsa.cov_pop_tot;2016;24.50714145;World Bank;;;;;PERCENT
Mexico;MEX;Coverage of social safety net programs (% of population);per_sa_allsa.cov_pop_tot;2016;43.12047724;World Bank;;;;;PERCENT
Mongolia;MNG;Coverage of social safety net programs (% of population);per_sa_allsa.cov_pop_tot;2016;86.02642778;World Bank;;;;;PERCENT
Malawi;MWI;Coverage of social safety net programs (% of population);per_sa_allsa.cov_pop_tot;2016;41.21916627;World Bank;;;;;PERCENT
Malaysia;MYS;Coverage of social safety net programs (% of population);per_sa_allsa.cov_pop_tot;2016;75.64416321;World Bank;;;;;PERCENT
Panama;PAN;Coverage of social safety net programs (% of population);per_sa_allsa.cov_pop_tot;2016;64.34124941;World Bank;;;;;PERCENT
Peru;PER;Coverage of social safety net programs (% of population);per_sa_allsa.cov_pop_tot;2016;56.99246389;World Bank;;;;;PERCENT
Poland;POL;Coverage of social safety net programs (% of population);per_sa_allsa.cov_pop_tot;2016;31.06173147;World Bank;;;;;PERCENT
Paraguay;PRY;Coverage of social safety net programs (% of population);per_sa_allsa.cov_pop_tot;2016;63.37159059;World Bank;;;;;PERCENT
West Bank and Gaza;PSE;Coverage of social safety net programs (% of population);per_sa_allsa.cov_pop_tot;2016;21.18313668;World Bank;;;;;PERCENT
Romania;ROU;Coverage of social safety net programs (% of population);per_sa_allsa.cov_pop_tot;2016;58.58157984;World Bank;;;;;PERCENT
Russian Federation;RUS;Coverage of social safety net programs (% of population);per_sa_allsa.cov_pop_tot;2016;67.89020792;World Bank;;;;;PERCENT
El Salvador;SLV;Coverage of social safety net programs (% of population);per_sa_allsa.cov_pop_tot;2016;88.28630579;World Bank;;;;;PERCENT
Eswatini;SWZ;Coverage of social safety net programs (% of population);per_sa_allsa.cov_pop_tot;2016;80.36746594;World Bank;;;;;PERCENT
Turkiye;TUR;Coverage of social safety net programs (% of population);per_sa_allsa.cov_pop_tot;2016;17.96037836;World Bank;;;;;PERCENT
Uganda;UGA;Coverage of social safety net programs (% of population);per_sa_allsa.cov_pop_tot;2016;0.664244324;World Bank;;;;;PERCENT
Ukraine;UKR;Coverage of social safety net programs (% of population);per_sa_allsa.cov_pop_tot;2016;34.74450749;World Bank;;;;;PERCENT
Uruguay;URY;Coverage of social safety net programs (% of population);per_sa_allsa.cov_pop_tot;2016;57.80718346;World Bank;;;;;PERCENT
South Africa;ZAF;Coverage of social safety net programs (% of population);per_sa_allsa.cov_pop_tot;2016;75.76075231;World Bank;;;;;PERCENT
Albania;ALB;Coverage of social safety net programs (% of population);per_sa_allsa.cov_pop_tot;2017;7.084568332;World Bank;;;;;PERCENT
Argentina;ARG;Coverage of social safety net programs (% of population);per_sa_allsa.cov_pop_tot;2017;23.92131123;World Bank;;;;;PERCENT
Armenia;ARM;Coverage of social safety net programs (% of population);per_sa_allsa.cov_pop_tot;2017;35.22535273;World Bank;;;;;PERCENT
Belarus;BLR;Coverage of social safety net programs (% of population);per_sa_allsa.cov_pop_tot;2017;53.66454935;World Bank;;;;;PERCENT
Bolivia;BOL;Coverage of social safety net programs (% of population);per_sa_allsa.cov_pop_tot;2017;77.00934476;World Bank;;;;;PERCENT
Brazil;BRA;Coverage of social safety net programs (% of population);per_sa_allsa.cov_pop_tot;2017;22.12227399;World Bank;;;;;PERCENT
Bhutan;BTN;Coverage of social safety net programs (% of population);per_sa_allsa.cov_pop_tot;2017;1.980066783;World Bank;;;;;PERCENT
Chile;CHL;Coverage of social safety net programs (% of population);per_sa_allsa.cov_pop_tot;2017;82.64940598;World Bank;;;;;PERCENT
Colombia;COL;Coverage of social safety net programs (% of population);per_sa_allsa.cov_pop_tot;2017;23.72171731;World Bank;;;;;PERCENT
Costa Rica;CRI;Coverage of social safety net programs (% of population);per_sa_allsa.cov_pop_tot;2017;54.34797248;World Bank;;;;;PERCENT
Dominican Republic;DOM;Coverage of social safety net programs (% of population);per_sa_allsa.cov_pop_tot;2017;49.62028876;World Bank;;;;;PERCENT
Ecuador;ECU;Coverage of social safety net programs (% of population);per_sa_allsa.cov_pop_tot;2017;68.54305787;World Bank;;;;;PERCENT
Egypt, Arab Rep.;EGY;Coverage of social safety net programs (% of population);per_sa_allsa.cov_pop_tot;2017;92.20000983;World Bank;;;;;PERCENT
Gabon;GAB;Coverage of social safety net programs (% of population);per_sa_allsa.cov_pop_tot;2017;47.63813271;World Bank;;;;;PERCENT
Georgia;GEO;Coverage of social safety net programs (% of population);per_sa_allsa.cov_pop_tot;2017;61.76640018;World Bank;;;;;PERCENT
Honduras;HND;Coverage of social safety net programs (% of population);per_sa_allsa.cov_pop_tot;2017;40.9029634;World Bank;;;;;PERCENT
Indonesia;IDN;Coverage of social safety net programs (% of population);per_sa_allsa.cov_pop_tot;2017;42.42441767;World Bank;;;;;PERCENT
Iran, Islamic Rep.;IRN;Coverage of social safety net programs (% of population);per_sa_allsa.cov_pop_tot;2017;91.4170356;World Bank;;;;;PERCENT
Jamaica;JAM;Coverage of social safety net programs (% of population);per_sa_allsa.cov_pop_tot;2017;45.3803896;World Bank;;;;;PERCENT
Kazakhstan;KAZ;Coverage of social safety net programs (% of population);per_sa_allsa.cov_pop_tot;2017;24.72347034;World Bank;;;;;PERCENT
Kyrgyz Republic;KGZ;Coverage of social safety net programs (% of population);per_sa_allsa.cov_pop_tot;2017;10.16386682;World Bank;;;;;PERCENT
Lesotho;LSO;Coverage of social safety net programs (% of population);per_sa_allsa.cov_pop_tot;2017;73.62156136;World Bank;;;;;PERCENT
Moldova;MDA;Coverage of social safety net programs (% of population);per_sa_allsa.cov_pop_tot;2017;33.30522669;World Bank;;;;;PERCENT
Myanmar;MMR;Coverage of social safety net programs (% of population);per_sa_allsa.cov_pop_tot;2017;8.778518017;World Bank;;;;;PERCENT
Mauritius;MUS;Coverage of social safety net programs (% of population);per_sa_allsa.cov_pop_tot;2017;50.37484558;World Bank;;;;;PERCENT
Panama;PAN;Coverage of social safety net programs (% of population);per_sa_allsa.cov_pop_tot;2017;62.74752548;World Bank;;;;;PERCENT
Peru;PER;Coverage of social safety net programs (% of population);per_sa_allsa.cov_pop_tot;2017;57.87054045;World Bank;;;;;PERCENT
Poland;POL;Coverage of social safety net programs (% of population);per_sa_allsa.cov_pop_tot;2017;36.20069879;World Bank;;;;;PERCENT
Paraguay;PRY;Coverage of social safety net programs (% of population);per_sa_allsa.cov_pop_tot;2017;64.73010491;World Bank;;;;;PERCENT
Russian Federation;RUS;Coverage of social safety net programs (% of population);per_sa_allsa.cov_pop_tot;2017;65.83533549;World Bank;;;;;PERCENT
El Salvador;SLV;Coverage of social safety net programs (% of population);per_sa_allsa.cov_pop_tot;2017;82.70816373;World Bank;;;;;PERCENT
Somalia;SOM;Coverage of social safety net programs (% of population);per_sa_allsa.cov_pop_tot;2017;8.205276885;World Bank;;;;;PERCENT
Sao Tome and Principe;STP;Coverage of social safety net programs (% of population);per_sa_allsa.cov_pop_tot;2017;8.679380378;World Bank;;;;;PERCENT
Thailand;THA;Coverage of social safety net programs (% of population);per_sa_allsa.cov_pop_tot;2017;70.49248718;World Bank;;;;;PERCENT
Turkiye;TUR;Coverage of social safety net programs (% of population);per_sa_allsa.cov_pop_tot;2017;16.56309401;World Bank;;;;;PERCENT
Ukraine;UKR;Coverage of social safety net programs (% of population);per_sa_allsa.cov_pop_tot;2017;72.20532812;World Bank;;;;;PERCENT
Uruguay;URY;Coverage of social safety net programs (% of population);per_sa_allsa.cov_pop_tot;2017;58.23966262;World Bank;;;;;PERCENT
Kosovo;XKX;Coverage of social safety net programs (% of population);per_sa_allsa.cov_pop_tot;2017;7.238114727;World Bank;;;;;PERCENT
Zimbabwe;ZWE;Coverage of social safety net programs (% of population);per_sa_allsa.cov_pop_tot;2017;11.40076424;World Bank;;;;;PERCENT
Angola;AGO;Coverage of social safety net programs (% of population);per_sa_allsa.cov_pop_tot;2018;4.439589444;World Bank;;;;;PERCENT
Albania;ALB;Coverage of social safety net programs (% of population);per_sa_allsa.cov_pop_tot;2018;5.986249409;World Bank;;;;;PERCENT
Argentina;ARG;Coverage of social safety net programs (% of population);per_sa_allsa.cov_pop_tot;2018;24.9468053;World Bank;;;;;PERCENT
Armenia;ARM;Coverage of social safety net programs (% of population);per_sa_allsa.cov_pop_tot;2018;29.75606848;World Bank;;;;;PERCENT
Benin;BEN;Coverage of social safety net programs (% of population);per_sa_allsa.cov_pop_tot;2018;8.2447478;World Bank;;;;;PERCENT
Burkina Faso;BFA;Coverage of social safety net programs (% of population);per_sa_allsa.cov_pop_tot;2018;15.28027904;World Bank;;;;;PERCENT
Belarus;BLR;Coverage of social safety net programs (% of population);per_sa_allsa.cov_pop_tot;2018;49.17643564;World Bank;;;;;PERCENT
Bolivia;BOL;Coverage of social safety net programs (% of population);per_sa_allsa.cov_pop_tot;2018;77.27674532;World Bank;;;;;PERCENT
Brazil;BRA;Coverage of social safety net programs (% of population);per_sa_allsa.cov_pop_tot;2018;22.2433932;World Bank;;;;;PERCENT
Cote d'Ivoire;CIV;Coverage of social safety net programs (% of population);per_sa_allsa.cov_pop_tot;2018;5.405933519;World Bank;;;;;PERCENT
Colombia;COL;Coverage of social safety net programs (% of population);per_sa_allsa.cov_pop_tot;2018;22.3163523;World Bank;;;;;PERCENT
Costa Rica;CRI;Coverage of social safety net programs (% of population);per_sa_allsa.cov_pop_tot;2018;54.85426946;World Bank;;;;;PERCENT
Dominican Republic;DOM;Coverage of social safety net programs (% of population);per_sa_allsa.cov_pop_tot;2018;49.91939373;World Bank;;;;;PERCENT
Ecuador;ECU;Coverage of social safety net programs (% of population);per_sa_allsa.cov_pop_tot;2018;19.97882209;World Bank;;;;;PERCENT
Ethiopia;ETH;Coverage of social safety net programs (% of population);per_sa_allsa.cov_pop_tot;2018;21.09044394;World Bank;;;;;PERCENT
Georgia;GEO;Coverage of social safety net programs (% of population);per_sa_allsa.cov_pop_tot;2018;63.56728861;World Bank;;;;;PERCENT
Guinea;GIN;Coverage of social safety net programs (% of population);per_sa_allsa.cov_pop_tot;2018;7.975678;World Bank;;;;;PERCENT
Guinea-Bissau;GNB;Coverage of social safety net programs (% of population);per_sa_allsa.cov_pop_tot;2018;21.19958991;World Bank;;;;;PERCENT
Honduras;HND;Coverage of social safety net programs (% of population);per_sa_allsa.cov_pop_tot;2018;34.06320533;World Bank;;;;;PERCENT
Indonesia;IDN;Coverage of social safety net programs (% of population);per_sa_allsa.cov_pop_tot;2018;43.65094426;World Bank;;;;;PERCENT
Iran, Islamic Rep.;IRN;Coverage of social safety net programs (% of population);per_sa_allsa.cov_pop_tot;2018;90.72914423;World Bank;;;;;PERCENT
Kazakhstan;KAZ;Coverage of social safety net programs (% of population);per_sa_allsa.cov_pop_tot;2018;22.9962985;World Bank;;;;;PERCENT
Kyrgyz Republic;KGZ;Coverage of social safety net programs (% of population);per_sa_allsa.cov_pop_tot;2018;10.10954263;World Bank;;;;;PERCENT
Moldova;MDA;Coverage of social safety net programs (% of population);per_sa_allsa.cov_pop_tot;2018;32.74050802;World Bank;;;;;PERCENT
Mexico;MEX;Coverage of social safety net programs (% of population);per_sa_allsa.cov_pop_tot;2018;37.16507238;World Bank;;;;;PERCENT
Mali;MLI;Coverage of social safety net programs (% of population);per_sa_allsa.cov_pop_tot;2018;16.33866556;World Bank;;;;;PERCENT
Mongolia;MNG;Coverage of social safety net programs (% of population);per_sa_allsa.cov_pop_tot;2018;86.98770359;World Bank;;;;;PERCENT
Niger;NER;Coverage of social safety net programs (% of population);per_sa_allsa.cov_pop_tot;2018;17.38964446;World Bank;;;;;PERCENT
Nigeria;NGA;Coverage of social safety net programs (% of population);per_sa_allsa.cov_pop_tot;2018;17.29512739;World Bank;;;;;PERCENT
Pakistan;PAK;Coverage of social safety net programs (% of population);per_sa_allsa.cov_pop_tot;2018;10.26238605;World Bank;;;;;PERCENT
Panama;PAN;Coverage of social safety net programs (% of population);per_sa_allsa.cov_pop_tot;2018;65.9934558;World Bank;;;;;PERCENT
Peru;PER;Coverage of social safety net programs (% of population);per_sa_allsa.cov_pop_tot;2018;59.28367048;World Bank;;;;;PERCENT
Philippines;PHL;Coverage of social safety net programs (% of population);per_sa_allsa.cov_pop_tot;2018;34.88854542;World Bank;;;;;PERCENT
Paraguay;PRY;Coverage of social safety net programs (% of population);per_sa_allsa.cov_pop_tot;2018;65.06314053;World Bank;;;;;PERCENT
Senegal;SEN;Coverage of social safety net programs (% of population);per_sa_allsa.cov_pop_tot;2018;22.51238419;World Bank;;;;;PERCENT
Sierra Leone;SLE;Coverage of social safety net programs (% of population);per_sa_allsa.cov_pop_tot;2018;17.31003899;World Bank;;;;;PERCENT
El Salvador;SLV;Coverage of social safety net programs (% of population);per_sa_allsa.cov_pop_tot;2018;80.62462658;World Bank;;;;;PERCENT
Serbia;SRB;Coverage of social safety net programs (% of population);per_sa_allsa.cov_pop_tot;2018;10.9573412;World Bank;;;;;PERCENT
Chad;TCD;Coverage of social safety net programs (% of population);per_sa_allsa.cov_pop_tot;2018;7.520051456;World Bank;;;;;PERCENT
Togo;TGO;Coverage of social safety net programs (% of population);per_sa_allsa.cov_pop_tot;2018;9.814543235;World Bank;;;;;PERCENT
Thailand;THA;Coverage of social safety net programs (% of population);per_sa_allsa.cov_pop_tot;2018;76.57575112;World Bank;;;;;PERCENT
Turkiye;TUR;Coverage of social safety net programs (% of population);per_sa_allsa.cov_pop_tot;2018;15.52557083;World Bank;;;;;PERCENT
Ukraine;UKR;Coverage of social safety net programs (% of population);per_sa_allsa.cov_pop_tot;2018;70.42278658;World Bank;;;;;PERCENT
Uruguay;URY;Coverage of social safety net programs (% of population);per_sa_allsa.cov_pop_tot;2018;58.50974;World Bank;;;;;PERCENT
Uzbekistan;UZB;Coverage of social safety net programs (% of population);per_sa_allsa.cov_pop_tot;2018;7.042969376;World Bank;;;;;PERCENT
Viet Nam;VNM;Coverage of social safety net programs (% of population);per_sa_allsa.cov_pop_tot;2018;20.24834901;World Bank;;;;;PERCENT
South Africa;ZAF;Coverage of social safety net programs (% of population);per_sa_allsa.cov_pop_tot;2018;76.7742103;World Bank;;;;;PERCENT
Argentina;ARG;Coverage of social safety net programs (% of population);per_sa_allsa.cov_pop_tot;2019;26.31687776;World Bank;;;;;PERCENT
Armenia;ARM;Coverage of social safety net programs (% of population);per_sa_allsa.cov_pop_tot;2019;32.5789971;World Bank;;;;;PERCENT
Burundi;BDI;Coverage of social safety net programs (% of population);per_sa_allsa.cov_pop_tot;2019;7.890735776;World Bank;;;;;PERCENT
Belarus;BLR;Coverage of social safety net programs (% of population);per_sa_allsa.cov_pop_tot;2019;47.21866041;World Bank;;;;;PERCENT
Bolivia;BOL;Coverage of social safety net programs (% of population);per_sa_allsa.cov_pop_tot;2019;77.21504283;World Bank;;;;;PERCENT
Brazil;BRA;Coverage of social safety net programs (% of population);per_sa_allsa.cov_pop_tot;2019;21.99958097;World Bank;;;;;PERCENT
Colombia;COL;Coverage of social safety net programs (% of population);per_sa_allsa.cov_pop_tot;2019;21.29097899;World Bank;;;;;PERCENT
Costa Rica;CRI;Coverage of social safety net programs (% of population);per_sa_allsa.cov_pop_tot;2019;54.17978798;World Bank;;;;;PERCENT
Dominican Republic;DOM;Coverage of social safety net programs (% of population);per_sa_allsa.cov_pop_tot;2019;45.52824742;World Bank;;;;;PERCENT
Ecuador;ECU;Coverage of social safety net programs (% of population);per_sa_allsa.cov_pop_tot;2019;20.74144315;World Bank;;;;;PERCENT
Egypt, Arab Rep.;EGY;Coverage of social safety net programs (% of population);per_sa_allsa.cov_pop_tot;2019;87.78427944;World Bank;;;;;PERCENT
Georgia;GEO;Coverage of social safety net programs (% of population);per_sa_allsa.cov_pop_tot;2019;64.77525453;World Bank;;;;;PERCENT
Honduras;HND;Coverage of social safety net programs (% of population);per_sa_allsa.cov_pop_tot;2019;29.28035549;World Bank;;;;;PERCENT
Indonesia;IDN;Coverage of social safety net programs (% of population);per_sa_allsa.cov_pop_tot;2019;31.02027118;World Bank;;;;;PERCENT
Iran, Islamic Rep.;IRN;Coverage of social safety net programs (% of population);per_sa_allsa.cov_pop_tot;2019;90.65993601;World Bank;;;;;PERCENT
Kazakhstan;KAZ;Coverage of social safety net programs (% of population);per_sa_allsa.cov_pop_tot;2019;24.10222496;World Bank;;;;;PERCENT
Kyrgyz Republic;KGZ;Coverage of social safety net programs (% of population);per_sa_allsa.cov_pop_tot;2019;10.61720868;World Bank;;;;;PERCENT
Kiribati;KIR;Coverage of social safety net programs (% of population);per_sa_allsa.cov_pop_tot;2019;16.56366632;World Bank;;;;;PERCENT
Sri Lanka;LKA;Coverage of social safety net programs (% of population);per_sa_allsa.cov_pop_tot;2019;29.98575228;World Bank;;;;;PERCENT
Maldives;MDV;Coverage of social safety net programs (% of population);per_sa_allsa.cov_pop_tot;2019;25.50061432;World Bank;;;;;PERCENT
Marshall Islands;MHL;Coverage of social safety net programs (% of population);per_sa_allsa.cov_pop_tot;2019;14.86551967;World Bank;;;;;PERCENT
Mozambique;MOZ;Coverage of social safety net programs (% of population);per_sa_allsa.cov_pop_tot;2019;2.737992722;World Bank;;;;;PERCENT
Malawi;MWI;Coverage of social safety net programs (% of population);per_sa_allsa.cov_pop_tot;2019;37.68176216;World Bank;;;;;PERCENT
Panama;PAN;Coverage of social safety net programs (% of population);per_sa_allsa.cov_pop_tot;2019;66.14476413;World Bank;;;;;PERCENT
Peru;PER;Coverage of social safety net programs (% of population);per_sa_allsa.cov_pop_tot;2019;59.27404771;World Bank;;;;;PERCENT
Poland;POL;Coverage of social safety net programs (% of population);per_sa_allsa.cov_pop_tot;2019;53.25908815;World Bank;;;;;PERCENT
Paraguay;PRY;Coverage of social safety net programs (% of population);per_sa_allsa.cov_pop_tot;2019;65.62951382;World Bank;;;;;PERCENT
Romania;ROU;Coverage of social safety net programs (% of population);per_sa_allsa.cov_pop_tot;2019;60.66852549;World Bank;;;;;PERCENT
El Salvador;SLV;Coverage of social safety net programs (% of population);per_sa_allsa.cov_pop_tot;2019;83.66776428;World Bank;;;;;PERCENT
Serbia;SRB;Coverage of social safety net programs (% of population);per_sa_allsa.cov_pop_tot;2019;10.52721692;World Bank;;;;;PERCENT
Thailand;THA;Coverage of social safety net programs (% of population);per_sa_allsa.cov_pop_tot;2019;77.21004027;World Bank;;;;;PERCENT
Turkiye;TUR;Coverage of social safety net programs (% of population);per_sa_allsa.cov_pop_tot;2019;14.4578637;World Bank;;;;;PERCENT
Ukraine;UKR;Coverage of social safety net programs (% of population);per_sa_allsa.cov_pop_tot;2019;43.87937323;World Bank;;;;;PERCENT
Uruguay;URY;Coverage of social safety net programs (% of population);per_sa_allsa.cov_pop_tot;2019;59.54462069;World Bank;;;;;PERCENT
South Africa;ZAF;Coverage of social safety net programs (% of population);per_sa_allsa.cov_pop_tot;2019;82.60635985;World Bank;;;;;PERCENT
Zimbabwe;ZWE;Coverage of social safety net programs (% of population);per_sa_allsa.cov_pop_tot;2019;31.09070206;World Bank;;;;;PERCENT
Argentina;ARG;Coverage of social safety net programs (% of population);per_sa_allsa.cov_pop_tot;2020;41.39872856;World Bank;;;;;PERCENT
Armenia;ARM;Coverage of social safety net programs (% of population);per_sa_allsa.cov_pop_tot;2020;39.04556287;World Bank;;;;;PERCENT
Bolivia;BOL;Coverage of social safety net programs (% of population);per_sa_allsa.cov_pop_tot;2020;97.85402074;World Bank;;;;;PERCENT
Brazil;BRA;Coverage of social safety net programs (% of population);per_sa_allsa.cov_pop_tot;2020;51.6526428;World Bank;;;;;PERCENT
Chile;CHL;Coverage of social safety net programs (% of population);per_sa_allsa.cov_pop_tot;2020;63.40044389;World Bank;;;;;PERCENT
Colombia;COL;Coverage of social safety net programs (% of population);per_sa_allsa.cov_pop_tot;2020;20.90837786;World Bank;;;;;PERCENT
Comoros;COM;Coverage of social safety net programs (% of population);per_sa_allsa.cov_pop_tot;2020;4.864837047;World Bank;;;;;PERCENT
Costa Rica;CRI;Coverage of social safety net programs (% of population);per_sa_allsa.cov_pop_tot;2020;68.87906688;World Bank;;;;;PERCENT
Ecuador;ECU;Coverage of social safety net programs (% of population);per_sa_allsa.cov_pop_tot;2020;35.18079716;World Bank;;;;;PERCENT
Georgia;GEO;Coverage of social safety net programs (% of population);per_sa_allsa.cov_pop_tot;2020;64.75341054;World Bank;;;;;PERCENT
Indonesia;IDN;Coverage of social safety net programs (% of population);per_sa_allsa.cov_pop_tot;2020;26.66007182;World Bank;;;;;PERCENT
Iran, Islamic Rep.;IRN;Coverage of social safety net programs (% of population);per_sa_allsa.cov_pop_tot;2020;89.87541572;World Bank;;;;;PERCENT
Kazakhstan;KAZ;Coverage of social safety net programs (% of population);per_sa_allsa.cov_pop_tot;2020;31.14553704;World Bank;;;;;PERCENT
Kyrgyz Republic;KGZ;Coverage of social safety net programs (% of population);per_sa_allsa.cov_pop_tot;2020;9.88449404;World Bank;;;;;PERCENT
Mexico;MEX;Coverage of social safety net programs (% of population);per_sa_allsa.cov_pop_tot;2020;37.54508738;World Bank;;;;;PERCENT
Mongolia;MNG;Coverage of social safety net programs (% of population);per_sa_allsa.cov_pop_tot;2020;87.09545146;World Bank;;;;;PERCENT
Peru;PER;Coverage of social safety net programs (% of population);per_sa_allsa.cov_pop_tot;2020;75.0348278;World Bank;;;;;PERCENT
Paraguay;PRY;Coverage of social safety net programs (% of population);per_sa_allsa.cov_pop_tot;2020;76.54134963;World Bank;;;;;PERCENT
Romania;ROU;Coverage of social safety net programs (% of population);per_sa_allsa.cov_pop_tot;2020;59.92964409;World Bank;;;;;PERCENT
Thailand;THA;Coverage of social safety net programs (% of population);per_sa_allsa.cov_pop_tot;2020;83.28253414;World Bank;;;;;PERCENT
Ukraine;UKR;Coverage of social safety net programs (% of population);per_sa_allsa.cov_pop_tot;2020;36.75269669;World Bank;;;;;PERCENT
Uruguay;URY;Coverage of social safety net programs (% of population);per_sa_allsa.cov_pop_tot;2020;44.29329643;World Bank;;;;;PERCENT
Viet Nam;VNM;Coverage of social safety net programs (% of population);per_sa_allsa.cov_pop_tot;2020;88.22265438;World Bank;;;;;PERCENT
South Africa;ZAF;Coverage of social safety net programs (% of population);per_sa_allsa.cov_pop_tot;2020;77.59135718;World Bank;;;;;PERCENT
Argentina;ARG;Coverage of social safety net programs (% of population);per_sa_allsa.cov_pop_tot;2021;30.16754578;World Bank;;;;;PERCENT
Armenia;ARM;Coverage of social safety net programs (% of population);per_sa_allsa.cov_pop_tot;2021;39.48158323;World Bank;;;;;PERCENT
Benin;BEN;Coverage of social safety net programs (% of population);per_sa_allsa.cov_pop_tot;2021;4.967961132;World Bank;;;;;PERCENT
Burkina Faso;BFA;Coverage of social safety net programs (% of population);per_sa_allsa.cov_pop_tot;2021;41.35622497;World Bank;;;;;PERCENT
Bolivia;BOL;Coverage of social safety net programs (% of population);per_sa_allsa.cov_pop_tot;2021;96.80105167;World Bank;;;;;PERCENT
Brazil;BRA;Coverage of social safety net programs (% of population);per_sa_allsa.cov_pop_tot;2021;29.71036351;World Bank;;;;;PERCENT
Cote d'Ivoire;CIV;Coverage of social safety net programs (% of population);per_sa_allsa.cov_pop_tot;2021;3.996888681;World Bank;;;;;PERCENT
Cameroon;CMR;Coverage of social safety net programs (% of population);per_sa_allsa.cov_pop_tot;2021;7.449307558;World Bank;;;;;PERCENT
Colombia;COL;Coverage of social safety net programs (% of population);per_sa_allsa.cov_pop_tot;2021;32.26612327;World Bank;;;;;PERCENT
Costa Rica;CRI;Coverage of social safety net programs (% of population);per_sa_allsa.cov_pop_tot;2021;49.92548956;World Bank;;;;;PERCENT
Dominican Republic;DOM;Coverage of social safety net programs (% of population);per_sa_allsa.cov_pop_tot;2021;47.89765227;World Bank;;;;;PERCENT
Ecuador;ECU;Coverage of social safety net programs (% of population);per_sa_allsa.cov_pop_tot;2021;32.96695928;World Bank;;;;;PERCENT
Georgia;GEO;Coverage of social safety net programs (% of population);per_sa_allsa.cov_pop_tot;2021;65.97389634;World Bank;;;;;PERCENT
Guinea-Bissau;GNB;Coverage of social safety net programs (% of population);per_sa_allsa.cov_pop_tot;2021;19.54435513;World Bank;;;;;PERCENT
Indonesia;IDN;Coverage of social safety net programs (% of population);per_sa_allsa.cov_pop_tot;2021;43.8656004;World Bank;;;;;PERCENT
Kazakhstan;KAZ;Coverage of social safety net programs (% of population);per_sa_allsa.cov_pop_tot;2021;27.63253731;World Bank;;;;;PERCENT
Mali;MLI;Coverage of social safety net programs (% of population);per_sa_allsa.cov_pop_tot;2021;31.4097095;World Bank;;;;;PERCENT
Niger;NER;Coverage of social safety net programs (% of population);per_sa_allsa.cov_pop_tot;2021;22.00191676;World Bank;;;;;PERCENT
Panama;PAN;Coverage of social safety net programs (% of population);per_sa_allsa.cov_pop_tot;2021;78.75507023;World Bank;;;;;PERCENT
Peru;PER;Coverage of social safety net programs (% of population);per_sa_allsa.cov_pop_tot;2021;87.4816661;World Bank;;;;;PERCENT
Paraguay;PRY;Coverage of social safety net programs (% of population);per_sa_allsa.cov_pop_tot;2021;55.18294244;World Bank;;;;;PERCENT
Romania;ROU;Coverage of social safety net programs (% of population);per_sa_allsa.cov_pop_tot;2021;58.98950909;World Bank;;;;;PERCENT
Senegal;SEN;Coverage of social safety net programs (% of population);per_sa_allsa.cov_pop_tot;2021;26.82213237;World Bank;;;;;PERCENT
El Salvador;SLV;Coverage of social safety net programs (% of population);per_sa_allsa.cov_pop_tot;2021;85.3621726;World Bank;;;;;PERCENT
Serbia;SRB;Coverage of social safety net programs (% of population);per_sa_allsa.cov_pop_tot;2021;9.409014861;World Bank;;;;;PERCENT
Togo;TGO;Coverage of social safety net programs (% of population);per_sa_allsa.cov_pop_tot;2021;14.99441224;World Bank;;;;;PERCENT
Thailand;THA;Coverage of social safety net programs (% of population);per_sa_allsa.cov_pop_tot;2021;87.05730524;World Bank;;;;;PERCENT
Tunisia;TUN;Coverage of social safety net programs (% of population);per_sa_allsa.cov_pop_tot;2021;11.73350587;World Bank;;;;;PERCENT
Uruguay;URY;Coverage of social safety net programs (% of population);per_sa_allsa.cov_pop_tot;2021;47.84753909;World Bank;;;;;PERCENT
South Africa;ZAF;Coverage of social safety net programs (% of population);per_sa_allsa.cov_pop_tot;2021;76.71732123;World Bank;;;;;PERCENT
Argentina;ARG;Coverage of social safety net programs (% of population);per_sa_allsa.cov_pop_tot;2022;33.20279708;World Bank;;;;;PERCENT
Armenia;ARM;Coverage of social safety net programs (% of population);per_sa_allsa.cov_pop_tot;2022;42.00719959;World Bank;;;;;PERCENT
Bangladesh;BGD;Coverage of social safety net programs (% of population);per_sa_allsa.cov_pop_tot;2022;54.37244738;World Bank;;;;;PERCENT
Brazil;BRA;Coverage of social safety net programs (% of population);per_sa_allsa.cov_pop_tot;2022;28.09840794;World Bank;;;;;PERCENT
Bhutan;BTN;Coverage of social safety net programs (% of population);per_sa_allsa.cov_pop_tot;2022;7.234766166;World Bank;;;;;PERCENT
Chile;CHL;Coverage of social safety net programs (% of population);per_sa_allsa.cov_pop_tot;2022;78.22015036;World Bank;;;;;PERCENT
Colombia;COL;Coverage of social safety net programs (% of population);per_sa_allsa.cov_pop_tot;2022;31.40792361;World Bank;;;;;PERCENT
Costa Rica;CRI;Coverage of social safety net programs (% of population);per_sa_allsa.cov_pop_tot;2022;49.13808578;World Bank;;;;;PERCENT
Ecuador;ECU;Coverage of social safety net programs (% of population);per_sa_allsa.cov_pop_tot;2022;28.12947196;World Bank;;;;;PERCENT
Indonesia;IDN;Coverage of social safety net programs (% of population);per_sa_allsa.cov_pop_tot;2022;54.55520725;World Bank;;;;;PERCENT
Mexico;MEX;Coverage of social safety net programs (% of population);per_sa_allsa.cov_pop_tot;2022;40.56892692;World Bank;;;;;PERCENT
Peru;PER;Coverage of social safety net programs (% of population);per_sa_allsa.cov_pop_tot;2022;79.83869987;World Bank;;;;;PERCENT
Paraguay;PRY;Coverage of social safety net programs (% of population);per_sa_allsa.cov_pop_tot;2022;50.09357553;World Bank;;;;;PERCENT
El Salvador;SLV;Coverage of social safety net programs (% of population);per_sa_allsa.cov_pop_tot;2022;87.6751611;World Bank;;;;;PERCENT
Serbia;SRB;Coverage of social safety net programs (% of population);per_sa_allsa.cov_pop_tot;2022;8.2594596;World Bank;;;;;PERCENT
Chad;TCD;Coverage of social safety net programs (% of population);per_sa_allsa.cov_pop_tot;2022;9.779492507;World Bank;;;;;PERCENT
Uruguay;URY;Coverage of social safety net programs (% of population);per_sa_allsa.cov_pop_tot;2022;45.71779216;World Bank;;;;;PERCENT
Panama;PAN;Coverage of social safety net programs (% of population);per_sa_allsa.cov_pop_tot;2023;64.54399433;World Bank;;;;;PERCENT
